course_id,course_name,instructor_id,created_at
1,Contain Course,20007,2025-11-12 23:39:10
2,Right Course,20047,2024-06-26 12:28:06
3,Against Course,20092,2024-11-14 20:06:15
4,Carry Course,20070,2025-05-26 07:30:03
5,Chair Course,20089,2026-01-21 06:19:54
6,Individual Course,20009,2024-10-26 22:03:43
7,Right Course,20064,2025-10-08 12:25:45
8,Go Course,20041,2026-01-30 14:08:49
9,Any Course,20030,2024-03-26 19:50:55
10,Notice Course,20095,2025-03-04 10:14:46
11,Discover Course,20019,2025-06-21 17:55:29
12,Become Course,20069,2024-06-13 04:55:15
13,Nothing Course,20010,2024-04-04 03:38:59
14,War Course,20094,2024-07-09 07:44:59
15,Since Course,20092,2024-04-24 02:45:38
16,Onto Course,20082,2024-09-27 00:58:35
17,Day Course,20100,2024-02-27 01:11:24
18,Forget Course,20027,2025-09-05 18:22:41
19,Of Course,20003,2024-11-06 12:04:11
20,Board Course,20088,2024-11-19 17:10:13
21,Middle Course,20098,2024-07-18 16:39:55
22,Pull Course,20087,2025-07-10 19:39:45
23,Fall Course,20099,2026-01-14 13:33:32
24,Surface Course,20006,2024-06-06 23:27:33
25,Drop Course,20041,2025-08-29 05:33:00
26,Fund Course,20029,2024-09-28 01:11:09
27,A Course,20029,2024-05-16 12:47:19
28,Community Course,20049,2025-08-23 21:22:34
29,Machine Course,20023,2025-02-06 03:26:56
30,Again Course,20045,2025-06-08 07:19:25
31,Wear Course,20001,2025-04-14 00:55:42
32,My Course,20077,2025-11-27 10:46:43
33,National Course,20006,2025-07-13 04:23:02
34,Himself Course,20068,2024-07-30 15:48:29
35,Huge Course,20012,2025-06-12 15:02:08
36,Change Course,20072,2025-07-30 22:21:04
37,Director Course,20044,2024-06-10 03:12:42
38,Nation Course,20059,2024-09-11 05:37:47
39,Financial Course,20054,2024-04-12 05:58:20
40,Speech Course,20100,2025-06-25 08:46:46
41,Discover Course,20070,2025-07-30 16:44:00
42,Score Course,20094,2024-02-20 07:52:18
43,Go Course,20056,2025-10-28 21:23:36
44,Local Course,20022,2025-07-25 14:56:25
45,Easy Course,20089,2024-06-14 12:52:23
46,Land Course,20043,2024-11-23 23:53:46
47,Mind Course,20069,2025-05-18 03:36:13
48,Man Course,20090,2025-06-11 08:44:37
49,Study Course,20007,2025-02-08 02:05:28
50,Boy Course,20065,2025-04-17 09:04:22
51,Everything Course,20042,2025-05-23 04:02:33
52,Play Course,20053,2024-11-01 04:30:44
53,Course Course,20077,2024-10-10 19:39:35
54,Ten Course,20036,2024-02-07 22:57:22
55,Open Course,20096,2025-10-30 19:52:21
56,Who Course,20043,2025-12-22 04:41:14
57,Pretty Course,20018,2025-05-07 06:25:30
58,Score Course,20035,2024-11-14 04:17:48
59,Individual Course,20013,2024-04-27 21:23:07
60,Government Course,20065,2024-05-21 12:20:58
61,Along Course,20066,2024-03-24 20:06:19
62,Full Course,20033,2024-09-04 11:29:54
63,Get Course,20086,2025-03-02 20:20:47
64,Reflect Course,20075,2025-02-06 12:54:36
65,Song Course,20007,2025-10-17 07:30:14
66,Understand Course,20038,2025-07-06 14:36:48
67,She Course,20085,2024-03-31 09:34:05
68,Board Course,20001,2025-01-13 14:40:59
69,Structure Course,20038,2025-09-11 03:29:47
70,Pick Course,20090,2025-06-09 15:06:22
71,Standard Course,20073,2025-09-15 02:17:14
72,Oil Course,20040,2024-03-20 11:04:55
73,Most Course,20097,2025-02-09 11:01:43
74,It Course,20010,2025-08-11 10:04:06
75,Majority Course,20012,2025-03-01 23:43:35
76,City Course,20087,2024-08-21 08:20:12
77,South Course,20018,2025-01-07 14:25:28
78,Term Course,20037,2025-04-20 00:20:24
79,Soldier Course,20077,2025-11-03 00:51:57
80,Daughter Course,20008,2024-11-10 08:31:51
81,Later Course,20076,2025-03-03 08:33:20
82,Friend Course,20088,2025-07-09 11:02:27
83,Start Course,20018,2025-12-28 04:50:55
84,Organization Course,20058,2024-07-20 06:40:05
85,His Course,20056,2025-07-28 15:24:39
86,Answer Course,20023,2024-05-07 12:33:50
87,Somebody Course,20059,2026-01-29 05:49:10
88,Challenge Course,20091,2024-06-17 12:02:20
89,Pretty Course,20039,2025-09-27 03:24:30
90,Two Course,20003,2025-06-28 21:08:36
91,Impact Course,20043,2024-08-23 00:10:29
92,Movie Course,20073,2024-12-30 11:31:14
93,Create Course,20092,2025-04-19 12:45:59
94,Large Course,20046,2025-02-04 12:19:52
95,Watch Course,20093,2024-11-25 05:30:47
96,Strategy Course,20005,2024-07-05 16:16:00
97,Chance Course,20060,2025-06-23 20:55:07
98,Participant Course,20017,2024-03-28 12:24:24
99,Current Course,20081,2025-12-27 13:30:04
100,Population Course,20077,2025-03-02 18:28:51
101,Alone Course,20018,2026-01-14 02:52:47
102,Only Course,20095,2025-04-18 01:18:28
103,Kind Course,20014,2025-10-13 12:42:45
104,Television Course,20097,2025-08-11 18:07:02
105,Big Course,20029,2025-08-14 18:42:11
106,Thought Course,20084,2025-01-23 13:01:06
107,Set Course,20064,2024-08-10 00:30:06
108,Live Course,20037,2024-09-09 19:25:37
109,A Course,20016,2024-11-04 05:18:56
110,Hour Course,20040,2025-11-29 12:44:42
111,Board Course,20017,2024-08-28 20:22:05
112,Name Course,20022,2025-10-14 04:30:29
113,Thus Course,20054,2024-02-25 02:53:15
114,Choice Course,20048,2024-02-29 16:50:00
115,Word Course,20043,2024-08-06 17:38:32
116,Response Course,20083,2024-07-23 01:36:23
117,National Course,20012,2024-04-19 23:11:14
118,Air Course,20092,2024-11-20 17:07:34
119,Father Course,20015,2025-02-10 13:43:07
120,Report Course,20018,2024-06-16 08:41:21
121,Point Course,20017,2024-03-03 22:02:16
122,Miss Course,20089,2025-01-18 17:20:28
123,Never Course,20072,2024-06-11 23:17:52
124,At Course,20032,2024-04-13 18:07:27
125,Hear Course,20001,2025-12-22 01:29:42
126,Detail Course,20044,2024-12-27 16:05:54
127,Current Course,20017,2025-02-15 14:39:23
128,Others Course,20025,2024-07-15 17:13:56
129,Stop Course,20081,2026-01-20 15:13:45
130,Both Course,20040,2026-01-16 17:22:24
131,Member Course,20088,2024-12-20 08:01:13
132,By Course,20038,2024-05-08 14:54:12
133,Leg Course,20048,2024-05-18 05:04:56
134,Ready Course,20067,2024-03-14 16:34:03
135,Discover Course,20011,2025-12-03 10:19:22
136,Wife Course,20072,2025-03-28 20:54:56
137,Somebody Course,20040,2025-11-01 18:08:43
138,Sound Course,20062,2025-03-03 23:29:04
139,Fish Course,20041,2024-09-28 08:37:57
140,Certain Course,20051,2024-04-30 19:55:57
141,Middle Course,20098,2024-05-14 01:26:03
142,Century Course,20017,2024-05-08 23:02:59
143,Technology Course,20074,2024-03-15 21:08:42
144,Put Course,20049,2024-11-20 23:24:58
145,Realize Course,20029,2024-05-27 15:10:59
146,Deal Course,20045,2025-08-22 10:46:22
147,Girl Course,20094,2026-01-19 22:03:47
148,Early Course,20019,2024-06-17 06:14:36
149,Board Course,20006,2025-01-20 00:31:45
150,Yard Course,20023,2024-02-11 00:34:55
151,Subject Course,20059,2026-01-26 18:02:04
152,Sister Course,20099,2024-12-05 13:15:07
153,Deep Course,20013,2026-01-28 04:50:56
154,Last Course,20045,2025-08-08 12:36:36
155,Everybody Course,20063,2024-10-05 18:02:50
156,Between Course,20005,2024-09-18 00:30:52
157,Decade Course,20024,2024-05-16 22:36:32
158,Second Course,20027,2024-12-22 08:40:38
159,Myself Course,20092,2024-11-06 12:11:36
160,Almost Course,20058,2025-01-20 03:34:17
161,Radio Course,20099,2024-11-16 10:22:32
162,Realize Course,20016,2025-01-03 13:06:15
163,Kind Course,20076,2025-01-19 14:17:38
164,Final Course,20062,2024-05-03 03:32:49
165,Couple Course,20055,2024-04-07 23:54:44
166,Technology Course,20051,2025-01-02 06:08:29
167,No Course,20005,2024-04-14 09:41:25
168,Only Course,20022,2025-06-16 18:15:48
169,Most Course,20033,2025-12-08 15:00:22
170,Whatever Course,20077,2025-08-02 08:42:33
171,Evening Course,20086,2025-02-24 03:24:12
172,Bar Course,20091,2025-08-30 16:32:44
173,Box Course,20077,2024-12-01 20:40:37
174,Most Course,20021,2025-10-14 04:04:59
175,Foot Course,20027,2025-08-20 10:04:11
176,Your Course,20056,2024-07-19 11:47:43
177,On Course,20039,2024-08-02 11:46:19
178,News Course,20031,2025-10-11 04:13:05
179,Spring Course,20032,2025-07-01 23:42:55
180,Say Course,20053,2024-11-01 17:13:31
181,Strategy Course,20004,2024-02-15 12:02:50
182,College Course,20025,2024-12-06 16:51:29
183,Quality Course,20011,2024-07-24 19:53:09
184,Low Course,20083,2025-11-01 19:48:05
185,Player Course,20040,2024-07-21 09:36:46
186,Join Course,20022,2024-12-02 00:43:32
187,Candidate Course,20059,2024-12-10 18:53:10
188,Now Course,20032,2024-10-30 18:51:42
189,Church Course,20065,2024-06-28 03:23:28
190,Eat Course,20023,2025-07-20 19:19:56
191,Woman Course,20067,2024-06-17 19:50:31
192,Another Course,20022,2025-01-16 09:10:06
193,Single Course,20090,2025-04-02 12:18:56
194,Ever Course,20061,2025-05-21 12:35:57
195,Black Course,20034,2024-03-07 06:43:45
196,Good Course,20013,2025-05-14 22:11:33
197,Wish Course,20026,2025-12-27 19:04:41
198,Least Course,20007,2024-05-24 05:46:16
199,Hope Course,20023,2025-12-31 03:34:31
200,Relate Course,20032,2024-02-22 18:56:33
